id_cliente,razon_social,tipo,sector,familia_principal,pais,provincia,fecha_alta,canal_captacion,tamano
CLI0001,Fertilizantes Ayamonte Coop.,naviera,químico,granel_liquido,Países Bajos,,2019-11-18,feria,mediana
CLI0002,Energía Almonte S.A.,cargador,distribución,contenedores,España,Córdoba,2019-10-24,LinkedIn,pequeña
CLI0003,Cobre Moguer Coop.,agente,construcción,carga_general,Países Bajos,,2018-02-10,comercial,pequeña
CLI0004,Aceites Almonte Coop.,agente,energía,granel_liquido,España,Córdoba,2022-06-13,recomendación,pequeña
CLI0005,Energía Andévalo S.L.U.,agente,construcción,carga_general,Portugal,,2020-10-02,feria,pequeña
CLI0006,Conservas Aljaraque Coop.,agente,agroalimentario,fruta_refrigerada,España,Cádiz,2022-08-04,LinkedIn,pequeña
CLI0007,Graneles Almonte S.A.,naviera,minero,granel_solido,Países Bajos,,2021-03-29,LinkedIn,grande
CLI0008,Transitarios del Odiel S.L.U.,naviera,agroalimentario,carga_general,Reino Unido,,2018-05-21,recomendación,pequeña
CLI0009,Fertilizantes Almonte Coop.,cargador,químico,contenedores,España,Huelva,2021-07-04,feria,pequeña
CLI0010,Graneles Andévalo Coop.,agente,minero,granel_solido,Portugal,,2024-09-06,web,pequeña
CLI0011,Cobre Niebla S.A.,transitario,energía,granel_liquido,Francia,,2020-07-13,recomendación,grande
CLI0012,Logística Onubense S.L.,agente,construcción,granel_solido,España,Sevilla,2023-08-11,comercial,pequeña
CLI0013,Frutas Marismas S.L.U.,naviera,construcción,granel_solido,España,Madrid,2024-11-03,web,mediana
CLI0014,Energía Aljaraque Coop.,cargador,químico,granel_liquido,España,Badajoz,2022-12-29,web,pequeña
CLI0015,Transitarios del Condado S.A.,naviera,energía,granel_liquido,España,Madrid,2025-08-23,web,pequeña
CLI0016,Química Cartaya S.L.,cargador,químico,contenedores,Marruecos,,2020-06-28,recomendación,pequeña
CLI0017,Graneles Marismas Coop.,cargador,construcción,granel_solido,España,Sevilla,2025-11-20,recomendación,grande
CLI0018,Transitarios Tinto Coop.,cargador,construcción,carga_general,España,Madrid,2023-09-04,comercial,pequeña
CLI0019,Maderas Marismas Coop.,naviera,construcción,granel_solido,España,Sevilla,2024-05-17,LinkedIn,grande
CLI0020,Graneles Costa Luz S.L.U.,transitario,automoción,ro_ro,España,Cádiz,2021-11-18,comercial,grande
CLI0021,Agro Doñana S.A.,agente,energía,granel_liquido,España,Córdoba,2021-07-26,comercial,mediana
CLI0022,Cobre Andévalo S.L.U.,transitario,distribución,carga_general,Marruecos,,2021-08-12,LinkedIn,mediana
CLI0023,Automoción Aljaraque S.L.U.,cargador,distribución,contenedores,Marruecos,,2022-06-28,feria,mediana
CLI0023,Automoción Aljaraque SLU.,cargador,distribución,contenedores,Marruecos,,2022-06-28,feria,mediana
CLI0024,Maderas del Condado Coop.,naviera,agroalimentario,carga_general,Marruecos,,2018-05-15,feria,pequeña
CLI0025,Energía Niebla S.L.U.,transitario,agroalimentario,fruta_refrigerada,España,Badajoz,2019-05-07,LinkedIn,pequeña
CLI0026,Logística Doñana S.A.,naviera,construcción,granel_solido,Portugal,,2018-04-25,LinkedIn,pequeña
CLI0027,Aceites Andévalo S.L.,naviera,agroalimentario,fruta_refrigerada,España,Sevilla,2020-06-07,comercial,pequeña
CLI0028,Berries Moguer Coop.,cargador,distribución,carga_general,España,,2021-04-15,web,mediana
CLI0029,Conservas del Condado S.L.U.,transitario,construcción,carga_general,España,Córdoba,2025-05-17,recomendación,grande
CLI0030,Automoción Doñana S.A.,cargador,construcción,carga_general,España,Huelva,2023-10-01,feria,pequeña
CLI0031,Automoción Aljaraque Coop.,agente,químico,granel_liquido,Países Bajos,,2025-01-30,feria,pequeña
CLI0032,Cobre Marismas S.L.,agente,químico,contenedores,España,Cádiz,2023-05-10,web,mediana
CLI0033,Energía Marismas S.L.U.,cargador,químico,contenedores,Francia,,2022-04-19,comercial,mediana
CLI0034,Química Doñana S.L.,cargador,automoción,ro_ro,España,Córdoba,2025-01-22,feria,pequeña
CLI0035,Química del Odiel S.L.,cargador,energía,granel_liquido,España,Córdoba,2018-11-13,comercial,pequeña
CLI0036,Transitarios Ayamonte S.A.,transitario,energía,granel_liquido,Marruecos,,2024-12-15,comercial,mediana
CLI0037,Logística Ayamonte Coop.,transitario,construcción,granel_solido,España,Huelva,2023-05-18,LinkedIn,pequeña
CLI0038,Frutas Onubense S.L.U.,agente,agroalimentario,carga_general,España,Badajoz,2024-05-02,comercial,pequeña
CLI0039,Logística Lepe S.A.,cargador,distribución,carga_general,España,Sevilla,2023-12-24,comercial,pequeña
CLI0040,Transitarios Almonte S.L.,naviera,distribución,contenedores,España,Madrid,2025-03-20,LinkedIn,mediana
CLI0041,Logística Lepe S.L.,naviera,energía,granel_liquido,Reino Unido,,2022-06-28,feria,pequeña
CLI0042,Cementos del Condado S.L.U.,cargador,construcción,carga_general,España,Sevilla,2025-08-22,recomendación,mediana
CLI0043,Graneles Onubense Coop.,agente,automoción,ro_ro,España,Madrid,2021-06-29,recomendación,mediana
CLI0044,Berries del Odiel S.L.U.,cargador,distribución,carga_general,España,Huelva,2022-09-27,feria,grande
CLI0045,Cementos Aljaraque S.A.,transitario,distribución,contenedores,España,Córdoba,2021-12-19,feria,pequeña
CLI0046,Química Cartaya S.A.,transitario,agroalimentario,contenedores,España,Sevilla,2020-09-01,comercial,grande
CLI0047,Química Niebla S.L.,agente,energía,granel_liquido,España,Badajoz,2023-03-06,LinkedIn,pequeña
CLI0048,Transitarios Doñana S.L.,agente,distribución,contenedores,España,Córdoba,2024-02-21,comercial,grande
CLI0049,FERTILIZANTES DEL ODIEL COOP.,cargador,distribución,contenedores,España,Córdoba,2018-06-14,comercial,pequeña
CLI0050,Cementos Palos S.L.U.,naviera,distribución,carga_general,España,Madrid,2020-04-13,comercial,pequeña
CLI0051,Agro Lepe Coop.,cargador,automoción,ro_ro,España,Badajoz,2025-04-13,LinkedIn,mediana
CLI0052,Berries Cartaya Coop.,naviera,agroalimentario,contenedores,España,Sevilla,2019-01-18,recomendación,mediana
CLI0053,Aceites Cartaya S.A.,agente,energía,granel_liquido,España,Madrid,2023-12-25,feria,pequeña
CLI0054,Conservas Ayamonte Coop.,naviera,construcción,granel_solido,España,,2023-01-17,LinkedIn,pequeña
CLI0055,Transitarios Onubense Coop.,cargador,agroalimentario,fruta_refrigerada,Reino Unido,,2025-12-09,feria,mediana
CLI0056,Energía Onubense S.A.,transitario,agroalimentario,carga_general,Portugal,,2018-01-06,web,pequeña
CLI0057,Minera del Odiel S.L.,naviera,minero,granel_solido,España,Huelva,2022-12-15,web,mediana
CLI0058,Transitarios del Odiel S.L.,agente,minero,granel_solido,Francia,,2025-06-11,web,pequeña
CLI0059,Graneles del Condado Coop.,naviera,minero,granel_solido,Portugal,,2018-09-04,recomendación,pequeña
CLI0060,Automoción Niebla S.L.,cargador,automoción,ro_ro,España,Huelva,2023-01-02,comercial,pequeña
CLI0061,Berries Almonte S.L.,cargador,distribución,carga_general,España,,2022-12-03,web,pequeña
CLI0062,Minera Andévalo S.L.,transitario,agroalimentario,fruta_refrigerada,Reino Unido,,2022-02-09,LinkedIn,mediana
CLI0063,Automoción Doñana Coop.,naviera,energía,granel_liquido,España,Córdoba,2021-06-01,feria,mediana
CLI0064,Agro Doñana Coop.,naviera,químico,granel_liquido,Marruecos,,2018-05-07,recomendación,pequeña
CLI0065,Cementos Doñana S.L.,transitario,minero,granel_solido,España,Madrid,2024-03-06,web,pequeña
CLI0066,Graneles Lepe S.L.,agente,energía,granel_liquido,España,Sevilla,2021-02-05,recomendación,pequeña
CLI0067,Fertilizantes Lepe S.A.,naviera,automoción,ro_ro,Reino Unido,,2022-07-14,feria,grande
CLI0068,Agro Tinto S.L.U.,transitario,químico,contenedores,España,Madrid,2025-09-19,recomendación,pequeña
CLI0069,Conservas Niebla S.L.U.,naviera,construcción,carga_general,Marruecos,,2018-06-01,comercial,pequeña
CLI0070,Minera Lepe Coop.,transitario,energía,granel_liquido,España,Córdoba,2020-02-07,web,grande
CLI0071,Transitarios del Condado Coop.,agente,construcción,carga_general,Reino Unido,,2018-07-08,recomendación,pequeña
CLI0072,Frutas Almonte Coop.,agente,automoción,ro_ro,Francia,,2023-09-23,feria,pequeña
CLI0073,Maderas Palos Coop.,transitario,automoción,ro_ro,España,Madrid,2023-10-16,LinkedIn,pequeña
CLI0074,Maderas Costa Luz S.L.,transitario,agroalimentario,fruta_refrigerada,España,Córdoba,2019-04-24,LinkedIn,pequeña
CLI0075,Maderas Lepe Coop.,cargador,agroalimentario,carga_general,España,Cádiz,2024-09-29,recomendación,pequeña
CLI0076,Berries Doñana S.L.U.,naviera,automoción,ro_ro,España,Córdoba,2023-03-06,LinkedIn,pequeña
CLI0077,Berries Ayamonte S.A.,agente,energía,granel_liquido,Portugal,,2025-01-17,feria,pequeña
CLI0078,Minera Onubense S.L.,agente,químico,contenedores,España,Córdoba,2022-09-03,comercial,pequeña
CLI0079,Minera Andévalo S.L.U.,transitario,minero,granel_solido,España,Huelva,2023-06-07,comercial,grande
CLI0080,Cobre Doñana S.L.,cargador,minero,granel_solido,Portugal,,2018-08-09,comercial,pequeña
CLI0081,Frutas Almonte S.L.,transitario,agroalimentario,contenedores,Reino Unido,,2020-08-31,feria,mediana
CLI0082,Aceites Costa Luz S.L.U.,naviera,químico,granel_liquido,España,Huelva,2024-04-17,feria,pequeña
CLI0083,Berries Cartaya S.L.U.,transitario,químico,contenedores,España,Badajoz,2021-04-26,web,pequeña
CLI0084,Transitarios Doñana Coop.,cargador,minero,granel_solido,Portugal,,2024-03-15,recomendación,mediana
CLI0085,Cementos Ayamonte S.L.U.,cargador,químico,contenedores,España,Cádiz,2025-12-07,comercial,mediana
CLI0086,Aceites Andévalo S.L.U.,naviera,energía,granel_liquido,Portugal,,2020-03-08,LinkedIn,pequeña
CLI0087,Cementos Tinto Coop.,naviera,construcción,carga_general,España,Sevilla,2023-04-04,feria,mediana
CLI0088,Logística Niebla S.L.,cargador,energía,granel_liquido,Portugal,,2025-03-08,comercial,mediana
CLI0089,Transitarios Andévalo S.A.,agente,energía,granel_liquido,España,Madrid,2022-04-09,feria,grande
CLI0090,Cobre Almonte S.A.,agente,minero,granel_solido,España,Madrid,2022-06-16,feria,mediana
CLI0091,Automoción Lepe S.L.,naviera,construcción,carga_general,Portugal,,2022-09-15,recomendación,pequeña
CLI0092,Cementos del Odiel Coop.,cargador,distribución,contenedores,España,Badajoz,2019-06-15,comercial,grande
CLI0093,Logística Marismas S.L.U.,agente,químico,contenedores,España,Cádiz,2021-08-01,feria,pequeña
CLI0094,Energía del Odiel S.A.,agente,distribución,carga_general,España,Córdoba,2020-08-04,comercial,grande
CLI0095,Transitarios Onubense S.L.U.,transitario,agroalimentario,contenedores,España,Cádiz,2021-11-30,comercial,grande
CLI0096,Cobre Andévalo Coop.,naviera,químico,granel_liquido,España,Córdoba,2020-03-29,comercial,pequeña
CLI0097,Química Cartaya Coop.,naviera,agroalimentario,carga_general,Países Bajos,,2023-10-08,feria,mediana
CLI0098,Agro Onubense S.L.,agente,químico,contenedores,Marruecos,,2022-02-08,LinkedIn,pequeña
CLI0099,Transitarios del Odiel Coop.,agente,construcción,carga_general,España,Córdoba,2025-10-06,recomendación,pequeña
CLI0100,Automoción Cartaya S.L.U.,agente,agroalimentario,contenedores,España,Madrid,2020-10-06,comercial,pequeña
CLI0101,Maderas Cartaya S.L.U.,cargador,automoción,ro_ro,España,Sevilla,2022-01-16,comercial,mediana
CLI0102,Cobre del Odiel Coop.,cargador,distribución,carga_general,Países Bajos,,2020-01-15,recomendación,pequeña
CLI0103,Agro Andévalo S.L.U.,naviera,minero,granel_solido,Francia,,2023-08-09,feria,pequeña
CLI0104,Cobre Niebla S.L.,transitario,distribución,contenedores,Países Bajos,,2022-08-29,web,grande
CLI0105,Automoción Niebla S.L.U.,cargador,construcción,carga_general,España,,2025-11-14,comercial,grande
CLI0106,Agro Almonte S.L.,transitario,automoción,ro_ro,Francia,,2022-12-11,comercial,mediana
CLI0107,Minera Onubense Coop.,agente,agroalimentario,fruta_refrigerada,Portugal,,2022-07-05,web,mediana
CLI0108,Minera Marismas Coop.,naviera,químico,contenedores,Marruecos,,2018-10-22,feria,pequeña
CLI0109,Cementos Doñana S.A.,cargador,automoción,ro_ro,España,Huelva,2022-05-13,LinkedIn,pequeña
CLI0110,Agro Almonte S.A.,transitario,automoción,ro_ro,España,Madrid,2021-03-12,LinkedIn,mediana
CLI0111,Cementos Cartaya S.L.U.,cargador,automoción,ro_ro,España,Huelva,2020-11-23,LinkedIn,pequeña
CLI0112,Automoción Costa Luz Coop.,cargador,agroalimentario,carga_general,Países Bajos,,2018-01-26,web,mediana
CLI0113,Aceites Aljaraque S.A.,cargador,agroalimentario,fruta_refrigerada,España,Cádiz,2024-01-08,feria,mediana
CLI0114,Frutas Onubense S.A.,transitario,energía,granel_liquido,Marruecos,,2025-04-23,feria,pequeña
CLI0115,Automoción Marismas S.A.,agente,distribución,carga_general,Países Bajos,,2025-10-10,web,pequeña
CLI0116,FRUTAS CARTAYA COOP.,cargador,distribución,contenedores,España,Sevilla,2021-11-11,web,pequeña
CLI0117,Minera Cartaya Coop.,agente,energía,granel_liquido,España,Cádiz,2019-11-19,LinkedIn,mediana
CLI0118,Agro Andévalo Coop.,cargador,distribución,contenedores,España,Huelva,2022-03-26,comercial,pequeña
CLI0119,CONSERVAS DEL CONDADO S.A.,cargador,químico,granel_liquido,Países Bajos,,2018-10-05,LinkedIn,grande
CLI0120,Conservas Tinto S.L.,naviera,distribución,contenedores,Países Bajos,,2019-09-06,web,pequeña
CLI0121,Automoción Almonte S.L.,transitario,agroalimentario,carga_general,España,Córdoba,2022-12-15,web,pequeña
CLI0122,Transitarios Palos Coop.,agente,distribución,contenedores,España,Badajoz,2023-11-29,web,mediana
CLI0123,Cobre Ayamonte Coop.,cargador,químico,granel_liquido,Francia,,2021-05-24,comercial,mediana
CLI0124,Berries Costa Luz S.L.,naviera,energía,granel_liquido,Francia,,2024-08-30,feria,pequeña
CLI0125,Berries Niebla Coop.,cargador,automoción,ro_ro,España,Huelva,2021-10-22,LinkedIn,pequeña
CLI0126,Química del Odiel S.A.,naviera,energía,granel_liquido,España,Huelva,2022-03-19,web,pequeña
CLI0127,Agro Niebla S.A.,transitario,minero,granel_solido,España,Córdoba,2019-11-27,feria,grande
CLI0128,Transitarios Costa Luz S.L.,agente,energía,granel_liquido,Francia,,2025-10-18,feria,pequeña
CLI0129,Frutas del Odiel Coop.,agente,energía,granel_liquido,Marruecos,,2020-09-12,web,grande
CLI0130,Automoción del Condado S.L.U.,naviera,automoción,ro_ro,España,Córdoba,2024-08-13,feria,grande
CLI0131,Conservas Almonte S.L.,naviera,minero,granel_solido,España,Badajoz,2020-04-12,recomendación,pequeña
CLI0132,Aceites del Condado S.L.,cargador,minero,granel_solido,España,Madrid,2022-09-07,web,mediana
CLI0133,Cementos Almonte S.A.,cargador,construcción,granel_solido,España,Sevilla,2023-09-25,recomendación,grande
CLI0134,Transitarios Marismas Coop.,naviera,construcción,carga_general,Portugal,,2025-10-27,LinkedIn,mediana
CLI0135,Aceites Lepe S.A.,agente,químico,granel_liquido,España,Córdoba,2020-10-18,recomendación,pequeña
CLI0136,Química Lepe S.A.,agente,energía,granel_liquido,España,Huelva,2022-08-09,feria,mediana
CLI0137,Aceites Ayamonte S.L.,agente,automoción,ro_ro,Portugal,,2019-08-02,recomendación,pequeña
CLI0138,Transitarios del Condado S.L.,naviera,automoción,ro_ro,España,Badajoz,2019-03-26,feria,pequeña
CLI0139,Cementos Niebla Coop.,transitario,construcción,granel_solido,Marruecos,,2021-05-15,web,mediana
CLI0140,Berries Lepe S.L.,cargador,energía,granel_liquido,España,Huelva,2018-02-09,LinkedIn,pequeña
CLI0141,Logística Lepe S.L.U.,transitario,minero,granel_solido,España,Córdoba,2019-07-21,web,grande
CLI0142,Maderas del Condado S.A.,agente,energía,granel_liquido,España,Madrid,2023-02-25,feria,grande
CLI0143,Conservas Cartaya Coop.,cargador,construcción,granel_solido,España,Sevilla,2025-02-28,web,mediana
CLI0144,Cementos Lepe Coop.,agente,agroalimentario,contenedores,España,Cádiz,2022-12-08,comercial,pequeña
CLI0145,Maderas Niebla S.L.,transitario,automoción,ro_ro,España,Madrid,2023-12-15,web,mediana
CLI0146,Cementos Tinto S.A.,naviera,construcción,carga_general,España,Sevilla,2021-12-03,comercial,pequeña
CLI0147,Minera Doñana S.A.,naviera,automoción,ro_ro,España,Huelva,2024-09-15,web,mediana
CLI0148,Frutas Andévalo S.L.,transitario,minero,granel_solido,Marruecos,,2025-10-27,LinkedIn,pequeña
CLI0149,Aceites Moguer S.L.U.,naviera,distribución,carga_general,España,Madrid,2018-04-16,LinkedIn,mediana
CLI0150,Transitarios Aljaraque S.L.,agente,construcción,granel_solido,Países Bajos,,2019-08-20,comercial,mediana
CLI0151,Conservas Aljaraque S.L.,transitario,construcción,carga_general,España,Cádiz,2023-05-16,web,pequeña
CLI0152,Cobre Costa Luz S.L.U.,agente,agroalimentario,fruta_refrigerada,España,Sevilla,2024-12-06,comercial,mediana
CLI0153,Transitarios Palos S.L.U.,transitario,agroalimentario,carga_general,España,Huelva,2020-08-01,recomendación,grande
CLI0154,Automoción Marismas Coop.,cargador,agroalimentario,fruta_refrigerada,España,Madrid,2025-12-10,recomendación,mediana
CLI0155,Transitarios Doñana S.A.,transitario,construcción,granel_solido,Países Bajos,,2022-11-08,web,grande
CLI0156,Graneles Tinto S.L.U.,agente,automoción,ro_ro,España,Sevilla,2025-11-03,comercial,pequeña
CLI0157,Energía del Odiel S.L.U.,naviera,químico,contenedores,Países Bajos,,2024-10-10,recomendación,pequeña
CLI0158,Fertilizantes Costa Luz S.A.,agente,construcción,granel_solido,España,Badajoz,2020-02-04,recomendación,pequeña
CLI0159,Berries Marismas Coop.,naviera,energía,granel_liquido,España,Huelva,2022-01-17,web,grande
CLI0160,Transitarios Andévalo S.L.U.,cargador,distribución,contenedores,España,Cádiz,2019-02-19,comercial,mediana
CLI0161,Aceites Palos S.L.,agente,automoción,ro_ro,Reino Unido,,2023-07-06,LinkedIn,mediana
CLI0162,Berries del Condado S.L.U.,cargador,agroalimentario,carga_general,Marruecos,,2018-09-30,web,mediana
CLI0163,Química Palos S.A.,cargador,distribución,contenedores,Marruecos,,2022-02-04,comercial,mediana
CLI0164,Minera Doñana S.L.,naviera,químico,contenedores,España,Cádiz,2019-10-30,LinkedIn,mediana
CLI0165,Automoción Cartaya S.A.,transitario,distribución,contenedores,España,Córdoba,2022-02-23,feria,pequeña
CLI0166,Automoción del Odiel Coop.,cargador,agroalimentario,fruta_refrigerada,Portugal,,2020-06-23,feria,pequeña
CLI0167,Minera Palos S.L.U.,cargador,químico,contenedores,España,Huelva,2022-02-22,comercial,pequeña
CLI0168,QUÍMICA DEL CONDADO S.L.U.,cargador,construcción,carga_general,España,Cádiz,2019-10-11,web,mediana
CLI0169,Maderas Doñana S.L.U.,cargador,minero,granel_solido,España,Córdoba,2022-11-17,web,pequeña
CLI0170,Aceites Doñana Coop.,agente,minero,granel_solido,España,Cádiz,2019-05-17,LinkedIn,mediana
CLI0171,Energía Marismas S.L.,agente,agroalimentario,fruta_refrigerada,España,Badajoz,2022-06-20,recomendación,pequeña
CLI0172,Berries Costa Luz Coop.,agente,energía,granel_liquido,Marruecos,,2023-07-01,web,pequeña
CLI0173,Minera del Odiel S.L.U.,agente,químico,granel_liquido,España,Córdoba,2020-09-15,comercial,pequeña
CLI0174,Maderas Costa Luz Coop.,transitario,energía,granel_liquido,España,Córdoba,2025-01-03,feria,mediana
CLI0175,LOGÍSTICA ANDÉVALO S.L.,naviera,construcción,granel_solido,España,Huelva,2023-07-03,recomendación,grande
CLI0176,Berries Niebla S.L.,agente,minero,granel_solido,Francia,,2018-04-06,LinkedIn,pequeña
CLI0177,Minera Niebla Coop.,cargador,distribución,carga_general,Francia,,2025-05-06,feria,mediana
CLI0178,Logística Almonte S.L.,transitario,energía,granel_liquido,España,Badajoz,2019-09-30,feria,pequeña
CLI0179,Logística Onubense Coop.,naviera,agroalimentario,fruta_refrigerada,España,Huelva,2019-07-09,LinkedIn,pequeña
CLI0180,Automoción Moguer S.L.U.,agente,minero,granel_solido,España,Sevilla,2025-09-30,comercial,mediana
CLI0181,Química Andévalo S.A.,naviera,distribución,contenedores,Francia,,2020-03-19,recomendación,mediana
CLI0182,Berries Lepe Coop.,naviera,químico,granel_liquido,España,Huelva,2018-09-30,LinkedIn,pequeña
CLI0183,Cementos Andévalo Coop.,cargador,minero,granel_solido,Países Bajos,,2025-06-01,feria,mediana
CLI0184,Maderas Tinto Coop.,transitario,minero,granel_solido,España,Badajoz,2018-12-29,web,grande
CLI0185,Química Andévalo S.L.U.,agente,minero,granel_solido,España,Cádiz,2021-09-07,comercial,mediana
CLI0186,Minera del Odiel S.A.,transitario,agroalimentario,fruta_refrigerada,España,Huelva,2022-12-29,comercial,grande
CLI0187,Energía Almonte S.L.,agente,agroalimentario,contenedores,Francia,,2024-11-18,feria,pequeña
CLI0188,Logística del Odiel S.L.,naviera,minero,granel_solido,España,Sevilla,2021-11-04,LinkedIn,pequeña
CLI0189,Transitarios Onubense S.L.,cargador,automoción,ro_ro,España,Huelva,2024-04-21,recomendación,grande
CLI0190,Aceites del Condado S.L.U.,cargador,agroalimentario,contenedores,Reino Unido,,2025-08-01,feria,pequeña
CLI0191,Agro Doñana S.L.,cargador,construcción,granel_solido,Portugal,,2018-06-19,web,pequeña
CLI0192,Fertilizantes Tinto S.L.,agente,distribución,contenedores,España,Cádiz,2023-09-17,web,mediana
CLI0193,Berries Niebla S.L.U.,naviera,distribución,contenedores,España,Badajoz,2021-11-17,web,mediana
CLI0194,Frutas Tinto S.A.,naviera,agroalimentario,carga_general,España,Córdoba,2025-10-05,recomendación,grande
CLI0195,Energía Niebla Coop.,naviera,distribución,carga_general,España,,2020-04-10,web,mediana
CLI0196,Fertilizantes Cartaya Coop.,cargador,automoción,ro_ro,Portugal,,2018-02-22,comercial,mediana
CLI0197,Energía Moguer Coop.,transitario,distribución,carga_general,España,Madrid,2021-09-27,comercial,pequeña
CLI0198,Conservas Aljaraque S.L.U.,transitario,automoción,ro_ro,Marruecos,,2023-07-16,feria,grande
CLI0199,Maderas del Odiel S.L.,naviera,distribución,contenedores,Reino Unido,,2024-12-08,comercial,pequeña
CLI0200,Minera Marismas S.L.U.,cargador,distribución,contenedores,España,Madrid,2020-01-05,recomendación,mediana
CLI0201,Conservas Doñana S.A.,agente,distribución,contenedores,España,,2020-04-06,feria,mediana
CLI0202,Conservas Palos S.A.,naviera,construcción,granel_solido,España,Córdoba,2021-09-28,web,pequeña
CLI0203,Graneles Onubense S.L.,cargador,agroalimentario,fruta_refrigerada,España,Huelva,2025-01-22,recomendación,pequeña
CLI0204,Fertilizantes Niebla S.A.,naviera,energía,granel_liquido,España,Madrid,2025-10-05,LinkedIn,pequeña
CLI0205,Graneles Doñana Coop.,cargador,energía,granel_liquido,Países Bajos,,2023-10-20,LinkedIn,pequeña
CLI0206,Aceites Almonte S.A.,agente,minero,granel_solido,Portugal,,2020-09-06,web,pequeña
CLI0207,Minera Tinto S.L.U.,cargador,construcción,carga_general,España,Córdoba,2022-10-07,web,mediana
CLI0208,Frutas Tinto S.L.U.,agente,agroalimentario,carga_general,España,Madrid,2019-01-17,recomendación,mediana
CLI0209,Aceites Costa Luz Coop.,agente,energía,granel_liquido,España,Badajoz,2024-10-04,LinkedIn,pequeña
CLI0210,Maderas Aljaraque S.L.U.,naviera,construcción,granel_solido,Portugal,,2022-03-07,recomendación,grande
CLI0211,Agro Andévalo S.A.,agente,minero,granel_solido,Portugal,,2021-07-21,web,mediana
CLI0212,Logística Tinto S.L.,transitario,automoción,ro_ro,Reino Unido,,2022-10-14,LinkedIn,mediana
CLI0213,Fertilizantes Marismas S.A.,cargador,construcción,granel_solido,España,Huelva,2019-08-14,recomendación,pequeña
CLI0214,Agro Moguer S.L.U.,agente,químico,contenedores,Portugal,,2020-11-07,comercial,mediana
CLI0215,Automoción del Odiel S.L.,naviera,construcción,granel_solido,Portugal,,2019-10-13,LinkedIn,grande
CLI0216,Cobre Lepe S.L.,naviera,agroalimentario,fruta_refrigerada,España,Sevilla,2022-05-31,recomendación,pequeña
CLI0217,Fertilizantes Tinto S.A.,agente,distribución,contenedores,España,Badajoz,2024-11-01,recomendación,mediana
CLI0218,Frutas Costa Luz S.A.,naviera,distribución,carga_general,Portugal,,2023-03-14,LinkedIn,pequeña
CLI0219,Conservas del Odiel S.L.,agente,agroalimentario,fruta_refrigerada,España,Cádiz,2021-05-04,LinkedIn,grande
CLI0220,Agro del Odiel Coop.,agente,automoción,ro_ro,España,Córdoba,2024-07-13,feria,mediana
CLI0221,Agro Costa Luz S.A.,agente,distribución,carga_general,España,Córdoba,2021-04-10,comercial,mediana
CLI0222,Transitarios Palos S.L.,agente,químico,granel_liquido,España,Cádiz,2021-06-26,feria,pequeña
CLI0223,Automoción Andévalo Coop.,naviera,minero,granel_solido,Reino Unido,,2020-05-29,comercial,pequeña
CLI0224,LOGÍSTICA COSTA LUZ S.A.,cargador,minero,granel_solido,España,Cádiz,2024-02-25,web,mediana
CLI0225,Cementos Onubense S.L.,cargador,construcción,carga_general,Francia,,2025-09-15,web,mediana
CLI0226,Maderas Moguer S.L.,naviera,construcción,carga_general,España,Sevilla,2023-09-29,web,grande
CLI0227,Automoción Doñana S.L.,agente,químico,granel_liquido,España,Córdoba,2018-05-27,feria,grande
CLI0228,Logística Lepe Coop.,agente,construcción,carga_general,España,Cádiz,2022-10-11,LinkedIn,mediana
CLI0229,Frutas Niebla Coop.,agente,energía,granel_liquido,España,Badajoz,2025-03-11,comercial,pequeña
CLI0230,Aceites Ayamonte Coop.,transitario,químico,granel_liquido,España,Badajoz,2019-05-09,comercial,mediana
CLI0231,Química Lepe Coop.,naviera,químico,granel_liquido,España,Cádiz,2022-11-20,feria,mediana
CLI0232,Automoción Aljaraque S.L.,transitario,distribución,carga_general,España,,2020-07-12,comercial,mediana
CLI0233,Fertilizantes del Odiel S.A.,transitario,químico,granel_liquido,España,Sevilla,2024-06-06,LinkedIn,mediana
CLI0234,Agro Lepe S.L.U.,cargador,construcción,carga_general,Reino Unido,,2024-09-28,comercial,mediana
CLI0235,Cementos Andévalo S.A.,naviera,construcción,granel_solido,España,Cádiz,2020-08-16,web,mediana
CLI0236,Cobre Palos S.L.,agente,construcción,carga_general,España,Córdoba,2018-02-08,feria,mediana
CLI0237,Agro Cartaya S.L.,cargador,automoción,ro_ro,España,Sevilla,2018-12-08,feria,pequeña
CLI0238,Logística Moguer S.L.U.,naviera,agroalimentario,fruta_refrigerada,Portugal,,2022-01-07,feria,mediana
CLI0239,Transitarios Aljaraque S.A.,naviera,energía,granel_liquido,España,Madrid,2022-05-13,LinkedIn,grande
CLI0240,Energía Marismas Coop.,transitario,agroalimentario,fruta_refrigerada,España,Badajoz,2023-12-15,LinkedIn,pequeña
CLI0241,Minera Niebla S.L.U.,transitario,minero,granel_solido,Portugal,,2021-08-24,feria,pequeña
CLI0242,Logística Palos S.A.,agente,distribución,carga_general,España,Madrid,2021-10-27,feria,pequeña
CLI0243,Química Niebla S.L.U.,agente,agroalimentario,fruta_refrigerada,Países Bajos,,2021-12-17,recomendación,pequeña
CLI0244,Fertilizantes Almonte S.L.,transitario,agroalimentario,fruta_refrigerada,Portugal,,2021-09-30,web,pequeña
CLI0245,Berries Palos S.L.,naviera,agroalimentario,contenedores,España,Badajoz,2021-05-11,feria,pequeña
CLI0246,Conservas Lepe S.L.U.,agente,construcción,granel_solido,Países Bajos,,2022-12-27,web,pequeña
CLI0247,Logística Marismas S.L.,cargador,construcción,carga_general,España,Madrid,2021-09-21,feria,pequeña
CLI0248,Conservas Costa Luz S.L.U.,cargador,químico,contenedores,España,Madrid,2022-06-02,LinkedIn,pequeña
CLI0249,Berries Ayamonte Coop.,transitario,construcción,granel_solido,España,Huelva,2021-09-30,web,pequeña
CLI0250,Graneles Palos S.L.U.,agente,distribución,carga_general,España,Madrid,2020-06-12,feria,pequeña
CLI0251,Agro Almonte Coop.,transitario,construcción,carga_general,España,Cádiz,2023-08-01,LinkedIn,pequeña
CLI0252,Energía del Condado S.L.U.,transitario,químico,granel_liquido,España,Sevilla,2024-02-23,LinkedIn,mediana
CLI0253,FRUTAS PALOS COOP.,cargador,energía,granel_liquido,España,Huelva,2019-05-27,comercial,pequeña
CLI0254,Química Almonte Coop.,transitario,agroalimentario,fruta_refrigerada,Portugal,,2020-11-19,recomendación,grande
CLI0255,Conservas Marismas S.L.U.,transitario,construcción,granel_solido,España,Córdoba,2022-05-24,LinkedIn,grande
CLI0256,Conservas del Odiel S.L.U.,transitario,construcción,carga_general,España,Córdoba,2023-12-22,recomendación,mediana
CLI0257,Conservas Marismas S.A.,cargador,agroalimentario,carga_general,España,Córdoba,2022-01-09,LinkedIn,pequeña
CLI0258,Maderas del Odiel Coop.,transitario,minero,granel_solido,España,Badajoz,2019-04-30,recomendación,pequeña
CLI0259,Maderas Tinto S.A.,naviera,minero,granel_solido,España,Huelva,2024-04-24,LinkedIn,pequeña
CLI0260,Minera Palos Coop.,naviera,químico,granel_liquido,España,Badajoz,2022-09-27,recomendación,pequeña
CLI0261,Conservas Doñana Coop.,cargador,minero,granel_solido,España,Sevilla,2021-05-02,web,pequeña
CLI0262,Fertilizantes Doñana S.A.,cargador,químico,contenedores,España,Madrid,2024-10-23,LinkedIn,pequeña
CLI0263,Química Marismas S.A.,agente,automoción,ro_ro,España,Cádiz,2020-08-06,comercial,grande
CLI0264,Automoción Onubense S.L.U.,transitario,automoción,ro_ro,Marruecos,,2021-02-27,feria,pequeña
CLI0265,Cementos Moguer Coop.,cargador,químico,contenedores,España,Córdoba,2024-02-04,feria,mediana
CLI0266,Maderas Ayamonte S.A.,cargador,construcción,carga_general,Francia,,2025-02-24,comercial,pequeña
CLI0266,Maderas Ayamonte SA,cargador,construcción,carga_general,Francia,,2025-02-24,comercial,pequeña
CLI0267,Transitarios Doñana S.L.U.,agente,energía,granel_liquido,España,Córdoba,2022-05-28,LinkedIn,mediana
CLI0268,Fertilizantes Marismas S.L.,cargador,distribución,contenedores,Reino Unido,,2025-08-01,comercial,pequeña
CLI0269,Minera Costa Luz Coop.,cargador,agroalimentario,fruta_refrigerada,España,Badajoz,2020-04-12,comercial,grande
CLI0270,Química Onubense Coop.,transitario,automoción,ro_ro,Marruecos,,2024-04-14,comercial,pequeña
CLI0271,Transitarios Moguer S.L.,cargador,construcción,granel_solido,Portugal,,2023-11-07,recomendación,grande
CLI0272,Graneles Niebla S.L.U.,naviera,químico,granel_liquido,Portugal,,2019-11-10,LinkedIn,mediana
CLI0273,Fertilizantes Moguer S.L.,agente,automoción,ro_ro,España,Cádiz,2018-01-13,feria,grande
CLI0274,Cementos Onubense S.A.,agente,agroalimentario,carga_general,España,Badajoz,2019-12-17,feria,pequeña
CLI0275,Maderas Andévalo S.L.U.,cargador,construcción,granel_solido,España,Madrid,2020-11-29,recomendación,pequeña
CLI0276,Graneles Ayamonte Coop.,agente,energía,granel_liquido,Francia,,2020-05-10,web,pequeña
CLI0277,Agro Cartaya Coop.,naviera,automoción,ro_ro,Marruecos,,2024-06-10,feria,mediana
CLI0278,BERRIES COSTA LUZ S.A.,naviera,distribución,carga_general,España,Huelva,2019-12-06,comercial,mediana
CLI0279,Cementos Moguer S.L.U.,agente,construcción,carga_general,España,Cádiz,2025-09-25,feria,pequeña
CLI0280,Energía Moguer S.L.U.,cargador,energía,granel_liquido,España,Huelva,2020-01-01,comercial,pequeña
CLI0281,Graneles del Odiel S.L.,naviera,energía,granel_liquido,España,Sevilla,2021-09-14,recomendación,mediana
CLI0282,Conservas Tinto Coop.,agente,automoción,ro_ro,España,Huelva,2024-01-09,feria,mediana
CLI0283,Minera Marismas S.A.,cargador,químico,contenedores,Reino Unido,,2021-01-30,LinkedIn,pequeña
CLI0284,Cementos Onubense S.L.U.,agente,energía,granel_liquido,España,Cádiz,2025-11-15,feria,pequeña
CLI0285,Berries Almonte S.L.U.,agente,químico,contenedores,España,Huelva,2025-05-08,comercial,pequeña
CLI0286,Química Doñana S.L.U.,agente,energía,granel_liquido,Portugal,,2019-02-22,LinkedIn,pequeña
CLI0287,Agro Ayamonte Coop.,transitario,energía,granel_liquido,Reino Unido,,2019-09-16,comercial,pequeña
CLI0288,Cementos Tinto S.L.,transitario,energía,granel_liquido,España,Sevilla,2019-10-18,recomendación,mediana
CLI0289,Fertilizantes Palos S.A.,naviera,agroalimentario,carga_general,España,Cádiz,2019-03-24,feria,mediana
CLI0290,Química del Condado S.A.,transitario,minero,granel_solido,España,Córdoba,2023-12-09,LinkedIn,mediana
CLI0291,Energía Andévalo S.L.,cargador,energía,granel_liquido,España,Huelva,2023-06-26,recomendación,pequeña
CLI0292,Fertilizantes del Condado S.L.,naviera,construcción,granel_solido,Marruecos,,2022-06-03,comercial,mediana
CLI0293,Graneles Moguer S.L.U.,transitario,automoción,ro_ro,Países Bajos,,2025-11-12,LinkedIn,mediana
CLI0294,Frutas Andévalo S.L.U.,transitario,construcción,carga_general,España,Madrid,2020-05-25,feria,grande
CLI0295,Energía Almonte S.L.U.,transitario,minero,granel_solido,España,Sevilla,2019-04-10,web,mediana
CLI0296,Frutas Marismas S.L.,agente,distribución,contenedores,Portugal,,2024-09-16,feria,mediana
CLI0297,Berries Andévalo S.A.,transitario,energía,granel_liquido,España,Huelva,2024-12-29,LinkedIn,mediana
CLI0298,Conservas Niebla Coop.,cargador,minero,granel_solido,España,Sevilla,2018-07-25,web,mediana
CLI0299,Minera Aljaraque S.L.,naviera,químico,granel_liquido,Francia,,2021-09-20,web,mediana
CLI0300,Agro Aljaraque S.A.,cargador,construcción,granel_solido,España,Cádiz,2023-12-12,LinkedIn,mediana
CLI0301,Transitarios Ayamonte Coop.,transitario,automoción,ro_ro,España,Cádiz,2024-01-27,LinkedIn,pequeña
CLI0302,Automoción Cartaya S.L.,cargador,agroalimentario,carga_general,España,Córdoba,2019-02-19,feria,pequeña
CLI0303,Transitarios Ayamonte S.L.U.,transitario,energía,granel_liquido,España,Badajoz,2023-05-26,web,mediana
CLI0304,Minera Cartaya S.L.,cargador,minero,granel_solido,España,Sevilla,2025-03-02,LinkedIn,grande
CLI0305,Fertilizantes Costa Luz Coop.,cargador,agroalimentario,carga_general,España,Badajoz,2019-07-03,recomendación,mediana
CLI0306,Energía Aljaraque S.A.,transitario,minero,granel_solido,Marruecos,,2025-10-18,feria,pequeña
CLI0307,Maderas Onubense Coop.,cargador,minero,granel_solido,Marruecos,,2024-05-22,comercial,grande
CLI0308,Agro Onubense Coop.,naviera,automoción,ro_ro,España,Madrid,2021-07-21,LinkedIn,mediana
CLI0309,Aceites Andévalo S.A.,cargador,energía,granel_liquido,España,Cádiz,2023-05-20,recomendación,pequeña
CLI0310,Graneles del Odiel S.L.U.,cargador,químico,granel_liquido,España,Córdoba,2024-09-02,recomendación,pequeña
CLI0311,Minera Niebla S.L.,transitario,agroalimentario,contenedores,Portugal,,2019-09-30,web,mediana
CLI0311,Minera Niebla SL,transitario,agroalimentario,contenedores,Portugal,,2019-09-30,web,mediana
CLI0312,Química Ayamonte Coop.,transitario,químico,contenedores,Países Bajos,,2023-11-06,feria,mediana
CLI0313,Minera Ayamonte S.L.U.,agente,agroalimentario,contenedores,Marruecos,,2023-03-20,feria,pequeña
CLI0314,Fertilizantes Palos S.L.U.,transitario,energía,granel_liquido,Portugal,,2022-12-05,comercial,pequeña
CLI0315,Maderas Ayamonte S.L.U.,transitario,agroalimentario,fruta_refrigerada,Países Bajos,,2023-09-19,comercial,mediana
CLI0316,Agro Lepe S.A.,naviera,construcción,carga_general,España,Cádiz,2020-01-18,comercial,pequeña
CLI0317,Maderas Andévalo S.L.,agente,minero,granel_solido,España,Badajoz,2021-02-17,recomendación,pequeña
CLI0318,Berries Tinto S.L.,agente,minero,granel_solido,España,Córdoba,2025-04-14,recomendación,mediana
CLI0319,Conservas Doñana S.L.U.,cargador,construcción,granel_solido,Portugal,,2021-01-26,recomendación,pequeña
CLI0320,Cobre Doñana S.A.,cargador,construcción,granel_solido,España,Madrid,2019-03-20,feria,mediana
CLI0321,Transitarios Niebla Coop.,transitario,energía,granel_liquido,Francia,,2018-07-31,comercial,pequeña
CLI0322,Cementos Almonte S.L.,transitario,distribución,contenedores,España,Badajoz,2018-06-14,feria,mediana
CLI0323,Berries Andévalo S.L.,agente,energía,granel_liquido,España,Madrid,2019-11-15,feria,mediana
CLI0324,Conservas Cartaya S.L.U.,naviera,energía,granel_liquido,España,Badajoz,2020-05-12,LinkedIn,mediana
CLI0325,Agro Marismas S.L.,transitario,automoción,ro_ro,Países Bajos,,2021-04-05,LinkedIn,mediana
CLI0326,Agro del Odiel S.L.,agente,minero,granel_solido,España,,2019-06-20,recomendación,pequeña
CLI0327,Berries Aljaraque S.L.,naviera,minero,granel_solido,España,Cádiz,2020-01-18,comercial,grande
CLI0328,Maderas Almonte Coop.,agente,construcción,carga_general,España,Madrid,2025-09-18,LinkedIn,pequeña
CLI0329,Frutas Doñana S.L.U.,naviera,construcción,granel_solido,España,Sevilla,2024-02-12,feria,mediana
CLI0330,Cementos del Condado Coop.,transitario,distribución,carga_general,Marruecos,,2018-05-23,feria,pequeña
CLI0331,Aceites Doñana S.L.,transitario,agroalimentario,carga_general,Francia,,2020-10-20,LinkedIn,mediana
CLI0332,Cementos del Odiel S.L.U.,transitario,distribución,contenedores,Países Bajos,,2019-07-15,recomendación,mediana
CLI0333,Logística Aljaraque Coop.,transitario,químico,contenedores,Francia,,2021-05-21,feria,pequeña
CLI0334,Graneles Marismas S.A.,transitario,agroalimentario,fruta_refrigerada,España,Badajoz,2023-01-17,comercial,mediana
CLI0335,Energía Doñana S.L.U.,agente,químico,contenedores,España,Cádiz,2024-02-27,LinkedIn,mediana
CLI0336,Agro Moguer S.A.,naviera,construcción,carga_general,España,Sevilla,2023-02-26,LinkedIn,grande
CLI0337,Logística Doñana S.L.U.,agente,distribución,carga_general,España,Sevilla,2018-08-02,comercial,pequeña
CLI0338,Fertilizantes Andévalo Coop.,naviera,minero,granel_solido,Marruecos,,2020-08-26,web,mediana
CLI0339,Química Moguer S.L.U.,transitario,químico,granel_liquido,España,Badajoz,2023-11-11,LinkedIn,pequeña
CLI0340,Cementos Marismas Coop.,transitario,minero,granel_solido,Marruecos,,2022-08-29,LinkedIn,pequeña
CLI0341,Maderas Andévalo Coop.,cargador,químico,contenedores,España,Madrid,2024-05-10,web,grande
CLI0342,Minera Ayamonte S.L.,agente,químico,granel_liquido,España,Sevilla,2022-08-27,LinkedIn,mediana
CLI0343,Automoción Costa Luz S.L.,naviera,minero,granel_solido,España,Cádiz,2025-01-16,LinkedIn,mediana
CLI0344,Cobre Ayamonte S.L.U.,agente,minero,granel_solido,Francia,,2019-10-29,LinkedIn,pequeña
CLI0345,Aceites Tinto S.L.U.,transitario,químico,contenedores,España,Córdoba,2023-01-29,comercial,pequeña
CLI0346,Berries Tinto S.A.,transitario,agroalimentario,carga_general,España,Badajoz,2024-01-24,web,grande
CLI0347,Aceites del Odiel Coop.,naviera,distribución,carga_general,España,Huelva,2020-04-23,comercial,mediana
CLI0348,Automoción Onubense S.A.,cargador,distribución,contenedores,Marruecos,,2022-08-12,comercial,pequeña
CLI0349,Maderas Costa Luz S.L.U.,naviera,agroalimentario,carga_general,España,Badajoz,2022-09-19,web,pequeña
CLI0350,Maderas Marismas S.L.U.,cargador,automoción,ro_ro,España,Sevilla,2022-04-26,comercial,pequeña
CLI0351,Graneles Palos Coop.,cargador,minero,granel_solido,España,Sevilla,2021-09-01,feria,pequeña
CLI0352,Energía Andévalo Coop.,cargador,minero,granel_solido,España,Cádiz,2022-04-30,recomendación,mediana
CLI0353,Química Ayamonte S.A.,transitario,automoción,ro_ro,Países Bajos,,2024-11-29,LinkedIn,mediana
CLI0354,Conservas Marismas Coop.,naviera,químico,granel_liquido,Países Bajos,,2019-11-21,feria,grande
CLI0355,Logística Marismas S.A.,agente,minero,granel_solido,España,Sevilla,2024-12-05,comercial,pequeña
CLI0356,Maderas Marismas S.L.,cargador,automoción,ro_ro,España,Badajoz,2021-03-18,feria,grande
CLI0357,Conservas Andévalo S.L.U.,transitario,minero,granel_solido,España,Badajoz,2025-05-24,comercial,mediana
CLI0358,Frutas del Condado S.A.,naviera,agroalimentario,contenedores,España,Sevilla,2025-02-04,LinkedIn,mediana
CLI0359,Cementos Andévalo S.L.U.,naviera,energía,granel_liquido,España,Sevilla,2023-11-07,comercial,pequeña
CLI0360,Minera Almonte S.L.,agente,agroalimentario,contenedores,España,Córdoba,2022-08-02,LinkedIn,mediana
CLI0361,Fertilizantes Andévalo S.A.,agente,automoción,ro_ro,España,Badajoz,2022-09-27,comercial,mediana
CLI0362,Logística Cartaya S.L.,agente,químico,contenedores,España,Huelva,2021-09-18,comercial,pequeña
CLI0363,Aceites Almonte S.L.,agente,automoción,ro_ro,Portugal,,2018-12-25,recomendación,pequeña
CLI0364,Cobre Tinto S.L.,agente,químico,granel_liquido,España,Cádiz,2025-10-30,LinkedIn,mediana
CLI0365,Logística del Condado Coop.,agente,agroalimentario,carga_general,España,Badajoz,2020-11-21,recomendación,pequeña
CLI0366,Fertilizantes Palos Coop.,agente,agroalimentario,contenedores,España,Badajoz,2021-04-23,recomendación,grande
CLI0367,Cementos Costa Luz S.L.U.,naviera,químico,contenedores,España,Córdoba,2025-05-12,LinkedIn,mediana
CLI0368,Química Palos S.L.U.,agente,minero,granel_solido,España,Huelva,2022-08-15,comercial,mediana
CLI0369,Energía Marismas S.A.,naviera,automoción,ro_ro,España,Córdoba,2022-05-12,comercial,grande
CLI0370,Conservas Moguer S.L.U.,naviera,construcción,granel_solido,España,Huelva,2021-08-27,feria,mediana
CLI0371,Logística Cartaya S.L.U.,cargador,químico,contenedores,España,Badajoz,2025-09-26,feria,pequeña
CLI0372,Fertilizantes Marismas Coop.,cargador,agroalimentario,fruta_refrigerada,España,,2019-07-11,LinkedIn,mediana
CLI0373,Berries Doñana S.L.,cargador,construcción,carga_general,España,Madrid,2025-02-08,LinkedIn,mediana
CLI0374,Berries Marismas S.L.U.,naviera,automoción,ro_ro,España,Huelva,2019-05-04,recomendación,pequeña
CLI0375,AGRO ALJARAQUE S.L.,naviera,construcción,carga_general,Francia,,2021-04-10,feria,grande
CLI0376,Fertilizantes Moguer Coop.,naviera,construcción,granel_solido,España,Badajoz,2024-06-23,LinkedIn,grande
CLI0377,Conservas Andévalo Coop.,naviera,agroalimentario,contenedores,España,Badajoz,2023-12-10,web,pequeña
CLI0378,Automoción Ayamonte S.A.,cargador,agroalimentario,fruta_refrigerada,España,Huelva,2022-03-29,feria,pequeña
CLI0379,Energía Tinto S.L.,naviera,distribución,carga_general,Países Bajos,,2023-06-27,LinkedIn,mediana
CLI0380,Berries Ayamonte S.L.,naviera,energía,granel_liquido,Reino Unido,,2021-10-06,LinkedIn,grande
CLI0381,Maderas Lepe S.L.,cargador,distribución,contenedores,España,Córdoba,2025-05-05,comercial,pequeña
CLI0382,Conservas Andévalo S.L.,cargador,agroalimentario,contenedores,España,Huelva,2019-07-12,feria,mediana
CLI0383,Química Moguer S.L.,cargador,automoción,ro_ro,España,Cádiz,2022-01-09,comercial,mediana
CLI0384,Graneles Tinto S.L.,agente,construcción,carga_general,España,Huelva,2019-03-11,LinkedIn,pequeña
CLI0385,Química Moguer S.A.,naviera,químico,contenedores,Portugal,,2020-03-21,feria,grande
CLI0386,Frutas Niebla S.L.U.,agente,energía,granel_liquido,España,Cádiz,2018-01-19,feria,pequeña
CLI0387,Frutas Cartaya S.L.,naviera,automoción,ro_ro,Francia,,2020-06-26,LinkedIn,mediana
CLI0388,Minera Onubense S.A.,naviera,químico,contenedores,España,Huelva,2022-09-10,LinkedIn,pequeña
CLI0389,ACEITES PALOS COOP.,transitario,minero,granel_solido,España,Huelva,2023-02-22,comercial,pequeña
CLI0390,Frutas Ayamonte S.L.U.,naviera,energía,granel_liquido,Reino Unido,,2025-09-23,feria,mediana
CLI0391,Graneles Costa Luz Coop.,transitario,agroalimentario,carga_general,Reino Unido,,2020-07-01,feria,pequeña
CLI0392,Minera Aljaraque Coop.,naviera,construcción,granel_solido,España,Sevilla,2025-07-07,recomendación,pequeña
CLI0393,Frutas Almonte S.L.U.,transitario,distribución,carga_general,Portugal,,2021-05-02,feria,pequeña
CLI0394,Fertilizantes del Condado S.L.U.,cargador,minero,granel_solido,España,Badajoz,2025-09-21,comercial,grande
CLI0395,Conservas Palos S.L.,naviera,automoción,ro_ro,España,Huelva,2023-06-27,web,pequeña
CLI0396,Aceites del Odiel S.L.,agente,minero,granel_solido,Países Bajos,,2018-06-13,LinkedIn,pequeña
CLI0397,Conservas Marismas S.L.,naviera,construcción,carga_general,Portugal,,2023-06-13,feria,pequeña
CLI0398,Conservas Ayamonte S.L.,transitario,agroalimentario,contenedores,Francia,,2023-03-01,feria,grande
CLI0399,Berries Andévalo S.L.U.,naviera,minero,granel_solido,España,Huelva,2025-05-17,web,pequeña
CLI0400,Aceites Marismas S.L.,agente,distribución,contenedores,Portugal,,2022-03-22,comercial,mediana
