mes,operador,segmento,toneladas,tarifa_media_eur_t,espera_media_h,cuota_pct
2024-01,TML Huelva (nosotros),granel_liquido,329802,1.64,5.1,33.2
2024-01,Terminal Guadiana,granel_liquido,229394,1.83,7.1,23.6
2024-01,Puerto Bahía Sur,granel_liquido,234192,1.67,7.4,25.8
2024-01,Terminal Atlántico Norte,granel_liquido,170315,1.85,8.2,18.0
2024-01,TML Huelva (nosotros),granel_solido,215281,3.55,7.6,33.3
2024-01,Terminal Guadiana,granel_solido,150317,3.57,7.0,24.0
2024-01,Puerto Bahía Sur,granel_solido,158892,3.18,6.9,25.7
2024-01,Terminal Atlántico Norte,granel_solido,99913,3.66,7.5,16.5
2024-01,TML Huelva (nosotros),contenedores,63320,9.84,6.2,34.8
2024-01,Terminal Guadiana,contenedores,39162,10.59,6.6,22.7
2024-01,Puerto Bahía Sur,contenedores,45232,9.49,6.6,24.7
2024-01,Terminal Atlántico Norte,contenedores,30172,9.32,10.1,16.8
2024-01,TML Huelva (nosotros),fruta_refrigerada,20767,14.92,4.6,35.1
2024-01,Terminal Guadiana,fruta_refrigerada,15485,13.7,6.5,24.7
2024-01,Puerto Bahía Sur,fruta_refrigerada,15357,13.69,7.0,25.3
2024-01,Terminal Atlántico Norte,fruta_refrigerada,9284,14.8,9.3,15.8
2024-01,TML Huelva (nosotros),ro_ro,30910,7.77,5.1,33.9
2024-01,Terminal Guadiana,ro_ro,23232,6.98,7.3,24.8
2024-01,Puerto Bahía Sur,ro_ro,21990,6.85,6.4,25.5
2024-01,Terminal Atlántico Norte,ro_ro,14143,7.87,9.0,15.4
2024-02,TML Huelva (nosotros),granel_liquido,335317,1.86,6.9,34.3
2024-02,Terminal Guadiana,granel_liquido,236941,1.63,8.6,23.8
2024-02,Puerto Bahía Sur,granel_liquido,239604,1.84,6.0,24.2
2024-02,Terminal Atlántico Norte,granel_liquido,146757,1.59,9.9,15.7
2024-02,TML Huelva (nosotros),granel_solido,196478,3.73,6.0,32.0
2024-02,Terminal Guadiana,granel_solido,147376,3.69,7.9,24.1
2024-02,Puerto Bahía Sur,granel_solido,163442,3.24,8.1,26.7
2024-02,Terminal Atlántico Norte,granel_solido,101267,3.38,9.1,17.1
2024-02,TML Huelva (nosotros),contenedores,64866,10.1,5.0,34.4
2024-02,Terminal Guadiana,contenedores,41116,9.12,7.2,23.8
2024-02,Puerto Bahía Sur,contenedores,47195,9.79,4.7,26.2
2024-02,Terminal Atlántico Norte,contenedores,27309,10.7,9.2,14.8
2024-02,TML Huelva (nosotros),fruta_refrigerada,31847,14.03,6.3,34.2
2024-02,Terminal Guadiana,fruta_refrigerada,24308,14.09,8.5,25.4
2024-02,Puerto Bahía Sur,fruta_refrigerada,25860,13.78,6.6,26.2
2024-02,Terminal Atlántico Norte,fruta_refrigerada,14891,15.56,9.7,15.9
2024-02,TML Huelva (nosotros),ro_ro,32100,7.45,6.5,35.4
2024-02,Terminal Guadiana,ro_ro,22432,7.06,7.5,24.6
2024-02,Puerto Bahía Sur,ro_ro,24733,8.16,6.7,27.1
2024-02,Terminal Atlántico Norte,ro_ro,14688,8.01,8.4,16.0
2024-03,TML Huelva (nosotros),granel_liquido,306712,1.6,5.7,33.2
2024-03,Terminal Guadiana,granel_liquido,227456,1.74,7.4,24.8
2024-03,Puerto Bahía Sur,granel_liquido,236467,1.72,7.7,25.4
2024-03,Terminal Atlántico Norte,granel_liquido,158723,1.68,9.3,16.3
2024-03,TML Huelva (nosotros),granel_solido,205058,3.13,6.8,33.5
2024-03,Terminal Guadiana,granel_solido,145824,3.28,7.7,24.1
2024-03,Puerto Bahía Sur,granel_solido,154492,3.68,6.3,25.9
2024-03,Terminal Atlántico Norte,granel_solido,95326,3.27,9.8,15.3
2024-03,TML Huelva (nosotros),contenedores,57888,9.2,5.8,33.6
2024-03,Terminal Guadiana,contenedores,40419,8.95,8.2,22.6
2024-03,Puerto Bahía Sur,contenedores,42569,9.61,7.2,24.1
2024-03,Terminal Atlántico Norte,contenedores,28115,10.02,10.1,15.2
2024-03,TML Huelva (nosotros),fruta_refrigerada,35769,13.64,6.4,35.7
2024-03,Terminal Guadiana,fruta_refrigerada,22659,15.62,9.0,24.6
2024-03,Puerto Bahía Sur,fruta_refrigerada,23354,14.9,5.4,24.7
2024-03,Terminal Atlántico Norte,fruta_refrigerada,15633,14.37,8.7,15.9
2024-03,TML Huelva (nosotros),ro_ro,29617,7.88,7.2,33.2
2024-03,Terminal Guadiana,ro_ro,20418,7.09,8.7,23.8
2024-03,Puerto Bahía Sur,ro_ro,24334,7.52,7.4,26.8
2024-03,Terminal Atlántico Norte,ro_ro,12937,7.21,8.6,15.1
2024-04,TML Huelva (nosotros),granel_liquido,308105,1.77,6.0,33.1
2024-04,Terminal Guadiana,granel_liquido,221037,1.59,8.3,24.2
2024-04,Puerto Bahía Sur,granel_liquido,243517,1.83,7.0,25.6
2024-04,Terminal Atlántico Norte,granel_liquido,153289,1.53,9.9,16.3
2024-04,TML Huelva (nosotros),granel_solido,206704,3.56,5.9,34.0
2024-04,Terminal Guadiana,granel_solido,157083,3.61,7.6,25.1
2024-04,Puerto Bahía Sur,granel_solido,155794,3.53,6.5,24.0
2024-04,Terminal Atlántico Norte,granel_solido,96812,3.41,8.5,15.5
2024-04,TML Huelva (nosotros),contenedores,60025,9.96,5.2,33.4
2024-04,Terminal Guadiana,contenedores,42645,9.4,7.8,23.3
2024-04,Puerto Bahía Sur,contenedores,45244,9.49,6.3,25.3
2024-04,Terminal Atlántico Norte,contenedores,26694,8.85,8.6,14.8
2024-04,TML Huelva (nosotros),fruta_refrigerada,32385,14.21,6.1,32.5
2024-04,Terminal Guadiana,fruta_refrigerada,23063,16.08,6.7,24.8
2024-04,Puerto Bahía Sur,fruta_refrigerada,23829,14.8,7.9,25.1
2024-04,Terminal Atlántico Norte,fruta_refrigerada,15348,14.59,8.9,15.3
2024-04,TML Huelva (nosotros),ro_ro,31077,7.95,6.7,35.3
2024-04,Terminal Guadiana,ro_ro,24043,7.33,7.6,25.5
2024-04,Puerto Bahía Sur,ro_ro,22038,7.44,6.1,25.2
2024-04,Terminal Atlántico Norte,ro_ro,17582,6.79,9.1,18.6
2024-05,TML Huelva (nosotros),granel_liquido,316647,1.8,5.8,31.8
2024-05,Terminal Guadiana,granel_liquido,205215,1.56,6.9,21.2
2024-05,Puerto Bahía Sur,granel_liquido,274550,1.56,7.4,27.9
2024-05,Terminal Atlántico Norte,granel_liquido,137360,1.76,8.2,14.3
2024-05,TML Huelva (nosotros),granel_solido,225342,3.33,6.0,35.2
2024-05,Terminal Guadiana,granel_solido,150515,3.54,6.4,23.3
2024-05,Puerto Bahía Sur,granel_solido,155090,3.63,7.3,25.0
2024-05,Terminal Atlántico Norte,granel_solido,99770,3.51,7.9,15.7
2024-05,TML Huelva (nosotros),contenedores,58935,9.91,6.0,34.1
2024-05,Terminal Guadiana,contenedores,43126,9.32,7.3,24.1
2024-05,Puerto Bahía Sur,contenedores,49346,10.05,6.2,27.3
2024-05,Terminal Atlántico Norte,contenedores,31072,10.38,9.8,16.8
2024-05,TML Huelva (nosotros),fruta_refrigerada,33670,16.29,5.5,33.7
2024-05,Terminal Guadiana,fruta_refrigerada,23308,16.28,8.1,24.5
2024-05,Puerto Bahía Sur,fruta_refrigerada,23232,15.05,7.2,25.2
2024-05,Terminal Atlántico Norte,fruta_refrigerada,13246,15.05,8.9,13.3
2024-05,TML Huelva (nosotros),ro_ro,32442,8.08,6.5,35.7
2024-05,Terminal Guadiana,ro_ro,21246,7.06,8.0,24.8
2024-05,Puerto Bahía Sur,ro_ro,23598,7.35,7.8,25.5
2024-05,Terminal Atlántico Norte,ro_ro,14224,8.22,8.5,15.3
2024-06,TML Huelva (nosotros),granel_liquido,348327,1.83,6.1,35.0
2024-06,Terminal Guadiana,granel_liquido,210614,1.8,5.9,22.6
2024-06,Puerto Bahía Sur,granel_liquido,242627,1.69,6.6,26.0
2024-06,Terminal Atlántico Norte,granel_liquido,152655,1.67,9.4,15.9
2024-06,TML Huelva (nosotros),granel_solido,221326,3.57,6.2,34.3
2024-06,Terminal Guadiana,granel_solido,148523,3.63,7.0,24.7
2024-06,Puerto Bahía Sur,granel_solido,160162,3.1,6.0,24.9
2024-06,Terminal Atlántico Norte,granel_solido,93050,3.21,9.7,14.7
2024-06,TML Huelva (nosotros),contenedores,58493,9.1,6.2,32.8
2024-06,Terminal Guadiana,contenedores,41677,10.62,7.8,23.9
2024-06,Puerto Bahía Sur,contenedores,47644,9.66,6.5,25.7
2024-06,Terminal Atlántico Norte,contenedores,27554,9.58,8.4,16.1
2024-06,TML Huelva (nosotros),fruta_refrigerada,21350,16.08,6.7,34.0
2024-06,Terminal Guadiana,fruta_refrigerada,14707,15.59,7.4,24.3
2024-06,Puerto Bahía Sur,fruta_refrigerada,15800,14.23,7.1,25.8
2024-06,Terminal Atlántico Norte,fruta_refrigerada,9804,15.9,8.7,16.0
2024-06,TML Huelva (nosotros),ro_ro,30042,7.98,6.0,34.6
2024-06,Terminal Guadiana,ro_ro,21998,7.38,9.2,24.8
2024-06,Puerto Bahía Sur,ro_ro,24087,7.59,6.0,26.3
2024-06,Terminal Atlántico Norte,ro_ro,14059,8.22,8.0,15.3
2024-07,TML Huelva (nosotros),granel_liquido,340883,1.83,6.5,34.3
2024-07,Terminal Guadiana,granel_liquido,226691,1.67,7.4,23.7
2024-07,Puerto Bahía Sur,granel_liquido,263363,1.72,6.3,28.2
2024-07,Terminal Atlántico Norte,granel_liquido,150522,1.66,8.3,15.8
2024-07,TML Huelva (nosotros),granel_solido,204506,3.5,7.9,33.2
2024-07,Terminal Guadiana,granel_solido,137363,3.3,7.8,21.9
2024-07,Puerto Bahía Sur,granel_solido,165508,3.53,8.0,26.7
2024-07,Terminal Atlántico Norte,granel_solido,91967,3.64,9.4,15.0
2024-07,TML Huelva (nosotros),contenedores,63598,10.64,6.9,34.3
2024-07,Terminal Guadiana,contenedores,43735,10.26,6.4,23.9
2024-07,Puerto Bahía Sur,contenedores,46502,9.66,7.9,26.4
2024-07,Terminal Atlántico Norte,contenedores,28565,9.95,9.7,16.4
2024-07,TML Huelva (nosotros),fruta_refrigerada,18992,16.09,6.6,33.0
2024-07,Terminal Guadiana,fruta_refrigerada,14905,15.57,8.2,24.3
2024-07,Puerto Bahía Sur,fruta_refrigerada,14944,15.03,7.3,24.9
2024-07,Terminal Atlántico Norte,fruta_refrigerada,8998,16.1,10.0,15.6
2024-07,TML Huelva (nosotros),ro_ro,29288,8.12,5.1,33.8
2024-07,Terminal Guadiana,ro_ro,21703,6.87,8.1,23.1
2024-07,Puerto Bahía Sur,ro_ro,23211,7.11,7.3,26.1
2024-07,Terminal Atlántico Norte,ro_ro,13973,7.94,9.3,14.8
2024-08,TML Huelva (nosotros),granel_liquido,351697,1.78,5.2,35.6
2024-08,Terminal Guadiana,granel_liquido,216158,1.64,8.8,23.9
2024-08,Puerto Bahía Sur,granel_liquido,239779,1.53,5.1,24.7
2024-08,Terminal Atlántico Norte,granel_liquido,135957,1.73,10.4,13.6
2024-08,TML Huelva (nosotros),granel_solido,216286,3.54,7.0,34.5
2024-08,Terminal Guadiana,granel_solido,147407,3.56,7.8,23.8
2024-08,Puerto Bahía Sur,granel_solido,167849,3.12,6.5,27.2
2024-08,Terminal Atlántico Norte,granel_solido,97446,3.3,9.3,16.1
2024-08,TML Huelva (nosotros),contenedores,58469,9.38,5.8,31.3
2024-08,Terminal Guadiana,contenedores,44675,10.37,9.3,26.1
2024-08,Puerto Bahía Sur,contenedores,46028,10.73,7.0,26.4
2024-08,Terminal Atlántico Norte,contenedores,29182,10.13,8.0,15.5
2024-08,TML Huelva (nosotros),fruta_refrigerada,20905,13.7,4.4,33.8
2024-08,Terminal Guadiana,fruta_refrigerada,14538,13.56,7.1,24.6
2024-08,Puerto Bahía Sur,fruta_refrigerada,15923,14.06,6.3,27.4
2024-08,Terminal Atlántico Norte,fruta_refrigerada,9895,15.35,7.9,16.5
2024-08,TML Huelva (nosotros),ro_ro,30297,7.84,5.4,32.9
2024-08,Terminal Guadiana,ro_ro,24016,7.83,6.9,25.5
2024-08,Puerto Bahía Sur,ro_ro,23575,6.78,6.3,25.8
2024-08,Terminal Atlántico Norte,ro_ro,14397,7.65,9.6,16.5
2024-09,TML Huelva (nosotros),granel_liquido,311932,1.55,5.6,34.5
2024-09,Terminal Guadiana,granel_liquido,215339,1.86,7.5,22.7
2024-09,Puerto Bahía Sur,granel_liquido,251695,1.84,6.4,25.2
2024-09,Terminal Atlántico Norte,granel_liquido,166162,1.57,8.7,17.4
2024-09,TML Huelva (nosotros),granel_solido,204659,3.25,9.0,32.3
2024-09,Terminal Guadiana,granel_solido,151435,3.48,6.0,23.3
2024-09,Puerto Bahía Sur,granel_solido,157598,3.32,6.4,24.5
2024-09,Terminal Atlántico Norte,granel_solido,90427,3.46,8.6,15.0
2024-09,TML Huelva (nosotros),contenedores,58902,9.93,5.4,33.7
2024-09,Terminal Guadiana,contenedores,43439,10.47,6.3,23.2
2024-09,Puerto Bahía Sur,contenedores,49891,10.15,6.2,27.5
2024-09,Terminal Atlántico Norte,contenedores,32171,10.75,10.1,17.7
2024-09,TML Huelva (nosotros),fruta_refrigerada,19223,16.13,5.8,33.1
2024-09,Terminal Guadiana,fruta_refrigerada,15941,15.19,7.6,25.5
2024-09,Puerto Bahía Sur,fruta_refrigerada,15117,14.27,7.2,24.9
2024-09,Terminal Atlántico Norte,fruta_refrigerada,9434,14.14,9.7,15.6
2024-09,TML Huelva (nosotros),ro_ro,30933,7.11,5.9,33.8
2024-09,Terminal Guadiana,ro_ro,22939,8.02,6.5,25.3
2024-09,Puerto Bahía Sur,ro_ro,24533,7.84,5.8,26.4
2024-09,Terminal Atlántico Norte,ro_ro,14741,7.39,8.4,16.2
2024-10,TML Huelva (nosotros),granel_liquido,292642,1.6,5.7,31.6
2024-10,Terminal Guadiana,granel_liquido,232880,1.62,7.5,24.1
2024-10,Puerto Bahía Sur,granel_liquido,219415,1.54,7.0,24.0
2024-10,Terminal Atlántico Norte,granel_liquido,154787,1.65,9.6,16.8
2024-10,TML Huelva (nosotros),granel_solido,218818,3.1,5.6,34.8
2024-10,Terminal Guadiana,granel_solido,156489,3.51,7.0,24.4
2024-10,Puerto Bahía Sur,granel_solido,142533,3.39,6.9,24.0
2024-10,Terminal Atlántico Norte,granel_solido,95074,3.37,9.6,15.7
2024-10,TML Huelva (nosotros),contenedores,60419,10.34,6.3,33.7
2024-10,Terminal Guadiana,contenedores,45910,10.33,7.3,25.3
2024-10,Puerto Bahía Sur,contenedores,47056,9.87,7.4,25.4
2024-10,Terminal Atlántico Norte,contenedores,28603,9.59,8.9,15.4
2024-10,TML Huelva (nosotros),fruta_refrigerada,19788,15.88,5.8,33.1
2024-10,Terminal Guadiana,fruta_refrigerada,14263,15.21,8.0,23.0
2024-10,Puerto Bahía Sur,fruta_refrigerada,16470,15.46,7.6,27.0
2024-10,Terminal Atlántico Norte,fruta_refrigerada,9811,14.72,8.4,15.6
2024-10,TML Huelva (nosotros),ro_ro,30220,7.58,6.7,34.4
2024-10,Terminal Guadiana,ro_ro,23373,7.79,7.2,25.9
2024-10,Puerto Bahía Sur,ro_ro,25307,7.26,6.4,27.4
2024-10,Terminal Atlántico Norte,ro_ro,12515,7.38,10.2,14.5
2024-11,TML Huelva (nosotros),granel_liquido,307149,1.67,5.9,33.2
2024-11,Terminal Guadiana,granel_liquido,229050,1.63,8.4,23.1
2024-11,Puerto Bahía Sur,granel_liquido,241850,1.67,6.2,24.9
2024-11,Terminal Atlántico Norte,granel_liquido,149940,1.85,9.8,15.8
2024-11,TML Huelva (nosotros),granel_solido,212353,3.58,5.9,35.0
2024-11,Terminal Guadiana,granel_solido,152720,3.14,6.6,25.9
2024-11,Puerto Bahía Sur,granel_solido,164197,3.43,6.3,26.3
2024-11,Terminal Atlántico Norte,granel_solido,94992,3.58,8.1,15.0
2024-11,TML Huelva (nosotros),contenedores,61084,10.15,5.7,35.5
2024-11,Terminal Guadiana,contenedores,43896,10.18,6.7,24.1
2024-11,Puerto Bahía Sur,contenedores,46554,10.74,6.6,26.3
2024-11,Terminal Atlántico Norte,contenedores,27526,10.69,8.9,15.7
2024-11,TML Huelva (nosotros),fruta_refrigerada,20312,16.15,6.2,33.4
2024-11,Terminal Guadiana,fruta_refrigerada,14405,14.31,6.3,24.1
2024-11,Puerto Bahía Sur,fruta_refrigerada,15631,13.5,7.0,26.2
2024-11,Terminal Atlántico Norte,fruta_refrigerada,9696,16.23,9.3,16.7
2024-11,TML Huelva (nosotros),ro_ro,30843,7.7,5.9,35.9
2024-11,Terminal Guadiana,ro_ro,20860,8.18,7.8,23.9
2024-11,Puerto Bahía Sur,ro_ro,20769,6.85,6.8,24.2
2024-11,Terminal Atlántico Norte,ro_ro,13595,6.86,9.7,14.5
2024-12,TML Huelva (nosotros),granel_liquido,310388,1.61,5.8,33.4
2024-12,Terminal Guadiana,granel_liquido,221159,1.58,7.4,23.8
2024-12,Puerto Bahía Sur,granel_liquido,235411,1.74,4.6,24.9
2024-12,Terminal Atlántico Norte,granel_liquido,145361,1.54,8.1,15.7
2024-12,TML Huelva (nosotros),granel_solido,214533,3.45,5.2,34.9
2024-12,Terminal Guadiana,granel_solido,153844,3.54,6.9,24.0
2024-12,Puerto Bahía Sur,granel_solido,161262,3.39,7.3,25.4
2024-12,Terminal Atlántico Norte,granel_solido,90493,3.65,9.1,14.4
2024-12,TML Huelva (nosotros),contenedores,61113,9.69,6.7,33.8
2024-12,Terminal Guadiana,contenedores,46254,9.49,6.2,25.0
2024-12,Puerto Bahía Sur,contenedores,50094,9.95,7.6,27.2
2024-12,Terminal Atlántico Norte,contenedores,30027,10.24,8.8,16.6
2024-12,TML Huelva (nosotros),fruta_refrigerada,18955,14.81,7.1,31.4
2024-12,Terminal Guadiana,fruta_refrigerada,13813,14.52,6.0,23.3
2024-12,Puerto Bahía Sur,fruta_refrigerada,15647,15.04,6.5,26.3
2024-12,Terminal Atlántico Norte,fruta_refrigerada,10021,13.7,10.2,16.4
2024-12,TML Huelva (nosotros),ro_ro,32492,7.01,6.1,34.5
2024-12,Terminal Guadiana,ro_ro,23709,6.99,7.8,25.3
2024-12,Puerto Bahía Sur,ro_ro,23656,7.12,7.0,26.1
2024-12,Terminal Atlántico Norte,ro_ro,15654,7.59,8.7,18.0
2025-01,TML Huelva (nosotros),granel_liquido,331235,1.82,5.3,33.9
2025-01,Terminal Guadiana,granel_liquido,217939,1.85,7.9,24.1
2025-01,Puerto Bahía Sur,granel_liquido,241414,1.61,7.0,25.0
2025-01,Terminal Atlántico Norte,granel_liquido,157262,1.64,9.6,16.0
2025-01,TML Huelva (nosotros),granel_solido,196327,3.68,5.2,32.3
2025-01,Terminal Guadiana,granel_solido,156348,3.42,9.0,24.2
2025-01,Puerto Bahía Sur,granel_solido,152792,3.28,5.7,24.5
2025-01,Terminal Atlántico Norte,granel_solido,91351,3.26,8.9,15.4
2025-01,TML Huelva (nosotros),contenedores,55149,9.21,5.2,32.1
2025-01,Terminal Guadiana,contenedores,44384,10.13,8.4,24.5
2025-01,Puerto Bahía Sur,contenedores,49462,9.84,6.0,26.9
2025-01,Terminal Atlántico Norte,contenedores,30091,9.62,8.4,16.3
2025-01,TML Huelva (nosotros),fruta_refrigerada,22856,13.82,5.2,38.8
2025-01,Terminal Guadiana,fruta_refrigerada,15402,15.56,5.5,24.5
2025-01,Puerto Bahía Sur,fruta_refrigerada,13219,15.41,8.1,21.0
2025-01,Terminal Atlántico Norte,fruta_refrigerada,9545,16.37,9.3,15.8
2025-01,TML Huelva (nosotros),ro_ro,32017,7.18,6.2,35.2
2025-01,Terminal Guadiana,ro_ro,20726,7.63,5.6,23.3
2025-01,Puerto Bahía Sur,ro_ro,23062,8.09,7.0,26.8
2025-01,Terminal Atlántico Norte,ro_ro,13756,8.0,8.2,14.6
2025-02,TML Huelva (nosotros),granel_liquido,308832,1.68,6.1,34.1
2025-02,Terminal Guadiana,granel_liquido,205591,1.57,8.5,22.7
2025-02,Puerto Bahía Sur,granel_liquido,260986,1.77,4.7,27.2
2025-02,Terminal Atlántico Norte,granel_liquido,123545,1.7,10.0,13.4
2025-02,TML Huelva (nosotros),granel_solido,210689,3.2,6.4,33.0
2025-02,Terminal Guadiana,granel_solido,152098,3.23,7.8,24.6
2025-02,Puerto Bahía Sur,granel_solido,164743,3.1,6.8,25.6
2025-02,Terminal Atlántico Norte,granel_solido,103309,3.22,9.4,16.2
2025-02,TML Huelva (nosotros),contenedores,62410,9.64,6.4,33.4
2025-02,Terminal Guadiana,contenedores,43559,9.74,7.0,23.5
2025-02,Puerto Bahía Sur,contenedores,44705,9.5,5.4,26.1
2025-02,Terminal Atlántico Norte,contenedores,28516,9.08,9.5,15.9
2025-02,TML Huelva (nosotros),fruta_refrigerada,36016,15.01,5.7,38.2
2025-02,Terminal Guadiana,fruta_refrigerada,23276,15.08,7.6,25.4
2025-02,Puerto Bahía Sur,fruta_refrigerada,20323,15.82,6.2,20.9
2025-02,Terminal Atlántico Norte,fruta_refrigerada,15050,14.78,10.6,16.4
2025-02,TML Huelva (nosotros),ro_ro,30945,7.21,4.9,33.8
2025-02,Terminal Guadiana,ro_ro,22355,7.17,7.4,25.0
2025-02,Puerto Bahía Sur,ro_ro,22745,7.67,5.6,25.7
2025-02,Terminal Atlántico Norte,ro_ro,14685,6.87,9.0,15.6
2025-03,TML Huelva (nosotros),granel_liquido,331994,1.64,5.4,34.6
2025-03,Terminal Guadiana,granel_liquido,230694,1.7,7.1,25.0
2025-03,Puerto Bahía Sur,granel_liquido,256083,1.53,5.2,27.0
2025-03,Terminal Atlántico Norte,granel_liquido,151874,1.66,8.7,15.6
2025-03,TML Huelva (nosotros),granel_solido,206282,3.45,5.9,32.0
2025-03,Terminal Guadiana,granel_solido,141768,3.52,7.9,23.0
2025-03,Puerto Bahía Sur,granel_solido,155397,3.44,7.6,25.4
2025-03,Terminal Atlántico Norte,granel_solido,105075,3.63,9.4,16.5
2025-03,TML Huelva (nosotros),contenedores,63807,8.88,4.2,34.6
2025-03,Terminal Guadiana,contenedores,47406,9.18,7.3,25.6
2025-03,Puerto Bahía Sur,contenedores,45101,10.46,7.7,25.3
2025-03,Terminal Atlántico Norte,contenedores,29050,9.43,8.4,15.5
2025-03,TML Huelva (nosotros),fruta_refrigerada,36659,16.08,4.6,37.6
2025-03,Terminal Guadiana,fruta_refrigerada,22866,16.17,6.4,24.5
2025-03,Puerto Bahía Sur,fruta_refrigerada,18135,13.88,5.5,19.6
2025-03,Terminal Atlántico Norte,fruta_refrigerada,14179,14.07,8.1,15.4
2025-03,TML Huelva (nosotros),ro_ro,29127,8.2,5.8,33.1
2025-03,Terminal Guadiana,ro_ro,22097,8.2,7.3,25.8
2025-03,Puerto Bahía Sur,ro_ro,23289,7.83,6.9,24.9
2025-03,Terminal Atlántico Norte,ro_ro,14369,6.97,10.7,15.6
2025-04,TML Huelva (nosotros),granel_liquido,312353,1.56,6.0,33.1
2025-04,Terminal Guadiana,granel_liquido,218953,1.84,7.4,24.1
2025-04,Puerto Bahía Sur,granel_liquido,257596,1.77,6.7,27.5
2025-04,Terminal Atlántico Norte,granel_liquido,159448,1.61,8.2,16.0
2025-04,TML Huelva (nosotros),granel_solido,219180,3.62,7.9,35.2
2025-04,Terminal Guadiana,granel_solido,147257,3.31,7.3,22.7
2025-04,Puerto Bahía Sur,granel_solido,177348,3.29,6.3,28.0
2025-04,Terminal Atlántico Norte,granel_solido,101791,3.08,9.4,16.0
2025-04,TML Huelva (nosotros),contenedores,59754,10.77,5.1,33.5
2025-04,Terminal Guadiana,contenedores,45397,10.25,7.9,24.3
2025-04,Puerto Bahía Sur,contenedores,45739,10.7,6.6,26.4
2025-04,Terminal Atlántico Norte,contenedores,30693,10.47,8.3,17.8
2025-04,TML Huelva (nosotros),fruta_refrigerada,36603,16.47,7.0,39.2
2025-04,Terminal Guadiana,fruta_refrigerada,22101,14.98,7.4,24.0
2025-04,Puerto Bahía Sur,fruta_refrigerada,19577,14.17,6.0,19.8
2025-04,Terminal Atlántico Norte,fruta_refrigerada,14536,13.61,9.0,15.4
2025-04,TML Huelva (nosotros),ro_ro,29824,7.33,5.4,32.4
2025-04,Terminal Guadiana,ro_ro,20215,7.48,6.5,23.5
2025-04,Puerto Bahía Sur,ro_ro,22900,7.72,7.1,25.3
2025-04,Terminal Atlántico Norte,ro_ro,15477,7.83,8.6,16.6
2025-05,TML Huelva (nosotros),granel_liquido,319361,1.86,6.1,35.4
2025-05,Terminal Guadiana,granel_liquido,218327,1.54,7.6,23.4
2025-05,Puerto Bahía Sur,granel_liquido,257656,1.8,5.2,27.0
2025-05,Terminal Atlántico Norte,granel_liquido,142524,1.54,9.1,15.3
2025-05,TML Huelva (nosotros),granel_solido,209668,3.68,6.2,32.7
2025-05,Terminal Guadiana,granel_solido,155124,3.42,7.1,25.1
2025-05,Puerto Bahía Sur,granel_solido,151278,3.27,5.6,25.1
2025-05,Terminal Atlántico Norte,granel_solido,98163,3.6,9.9,15.8
2025-05,TML Huelva (nosotros),contenedores,57295,8.99,4.6,32.4
2025-05,Terminal Guadiana,contenedores,44145,10.01,6.8,24.2
2025-05,Puerto Bahía Sur,contenedores,47863,10.07,7.5,26.2
2025-05,Terminal Atlántico Norte,contenedores,24240,9.64,7.8,14.1
2025-05,TML Huelva (nosotros),fruta_refrigerada,36710,13.86,7.3,39.0
2025-05,Terminal Guadiana,fruta_refrigerada,20824,15.23,6.0,21.7
2025-05,Puerto Bahía Sur,fruta_refrigerada,20755,14.47,5.8,20.8
2025-05,Terminal Atlántico Norte,fruta_refrigerada,15563,14.96,10.1,15.9
2025-05,TML Huelva (nosotros),ro_ro,33608,8.08,7.0,36.0
2025-05,Terminal Guadiana,ro_ro,20056,8.21,6.9,23.4
2025-05,Puerto Bahía Sur,ro_ro,23582,6.82,6.7,26.0
2025-05,Terminal Atlántico Norte,ro_ro,15735,7.46,8.2,17.7
2025-06,TML Huelva (nosotros),granel_liquido,339249,1.71,5.9,35.2
2025-06,Terminal Guadiana,granel_liquido,232250,1.54,6.0,24.9
2025-06,Puerto Bahía Sur,granel_liquido,245469,1.84,6.2,25.9
2025-06,Terminal Atlántico Norte,granel_liquido,161791,1.67,10.2,16.2
2025-06,TML Huelva (nosotros),granel_solido,208619,3.56,6.1,33.4
2025-06,Terminal Guadiana,granel_solido,161666,3.39,7.6,25.5
2025-06,Puerto Bahía Sur,granel_solido,169523,3.53,4.6,26.5
2025-06,Terminal Atlántico Norte,granel_solido,99921,3.22,7.9,15.6
2025-06,TML Huelva (nosotros),contenedores,58260,9.18,5.7,32.1
2025-06,Terminal Guadiana,contenedores,41455,9.11,6.0,22.3
2025-06,Puerto Bahía Sur,contenedores,45158,9.82,7.1,24.8
2025-06,Terminal Atlántico Norte,contenedores,31009,10.51,8.5,16.4
2025-06,TML Huelva (nosotros),fruta_refrigerada,22968,14.99,4.3,38.9
2025-06,Terminal Guadiana,fruta_refrigerada,15362,15.13,8.2,25.4
2025-06,Puerto Bahía Sur,fruta_refrigerada,11246,15.21,8.1,19.7
2025-06,Terminal Atlántico Norte,fruta_refrigerada,8679,14.88,9.0,14.4
2025-06,TML Huelva (nosotros),ro_ro,30675,7.66,7.4,35.2
2025-06,Terminal Guadiana,ro_ro,19907,7.36,8.9,22.7
2025-06,Puerto Bahía Sur,ro_ro,25141,7.02,6.8,27.1
2025-06,Terminal Atlántico Norte,ro_ro,13622,6.87,7.8,15.9
2025-07,TML Huelva (nosotros),granel_liquido,321837,1.79,5.3,33.7
2025-07,Terminal Guadiana,granel_liquido,230958,1.72,8.2,24.9
2025-07,Puerto Bahía Sur,granel_liquido,232824,1.77,7.6,24.9
2025-07,Terminal Atlántico Norte,granel_liquido,133982,1.65,7.1,14.7
2025-07,TML Huelva (nosotros),granel_solido,206397,3.19,5.8,34.4
2025-07,Terminal Guadiana,granel_solido,142944,3.48,6.6,23.8
2025-07,Puerto Bahía Sur,granel_solido,150592,3.74,5.2,25.3
2025-07,Terminal Atlántico Norte,granel_solido,110545,3.25,9.4,17.5
2025-07,TML Huelva (nosotros),contenedores,56458,9.88,13.5,31.7
2025-07,Terminal Guadiana,contenedores,47439,9.39,8.3,26.2
2025-07,Puerto Bahía Sur,contenedores,48945,9.21,7.2,26.9
2025-07,Terminal Atlántico Norte,contenedores,28498,10.69,9.3,15.3
2025-07,TML Huelva (nosotros),fruta_refrigerada,24178,14.84,6.9,39.6
2025-07,Terminal Guadiana,fruta_refrigerada,14155,14.32,8.0,24.3
2025-07,Puerto Bahía Sur,fruta_refrigerada,12189,13.6,7.8,21.1
2025-07,Terminal Atlántico Norte,fruta_refrigerada,9562,15.91,8.1,16.1
2025-07,TML Huelva (nosotros),ro_ro,30218,8.01,6.8,34.1
2025-07,Terminal Guadiana,ro_ro,21349,7.78,7.6,23.4
2025-07,Puerto Bahía Sur,ro_ro,23018,7.13,5.6,25.9
2025-07,Terminal Atlántico Norte,ro_ro,12739,7.73,9.3,14.9
2025-08,TML Huelva (nosotros),granel_liquido,317255,1.67,6.9,32.4
2025-08,Terminal Guadiana,granel_liquido,236305,1.55,7.2,25.5
2025-08,Puerto Bahía Sur,granel_liquido,234166,1.63,6.2,25.7
2025-08,Terminal Atlántico Norte,granel_liquido,150937,1.79,10.2,15.7
2025-08,TML Huelva (nosotros),granel_solido,219757,3.49,5.6,35.5
2025-08,Terminal Guadiana,granel_solido,150973,3.3,6.2,24.7
2025-08,Puerto Bahía Sur,granel_solido,157756,3.6,5.5,25.8
2025-08,Terminal Atlántico Norte,granel_solido,96380,3.54,8.5,14.9
2025-08,TML Huelva (nosotros),contenedores,54544,9.24,13.1,29.1
2025-08,Terminal Guadiana,contenedores,47709,10.06,7.0,27.0
2025-08,Puerto Bahía Sur,contenedores,47619,10.6,7.0,25.4
2025-08,Terminal Atlántico Norte,contenedores,29260,9.51,9.5,16.2
2025-08,TML Huelva (nosotros),fruta_refrigerada,23572,16.02,6.3,38.4
2025-08,Terminal Guadiana,fruta_refrigerada,15003,14.23,7.8,24.6
2025-08,Puerto Bahía Sur,fruta_refrigerada,11365,15.83,7.1,19.9
2025-08,Terminal Atlántico Norte,fruta_refrigerada,9234,14.52,10.8,15.8
2025-08,TML Huelva (nosotros),ro_ro,30629,6.76,6.1,34.3
2025-08,Terminal Guadiana,ro_ro,21723,7.81,9.4,24.8
2025-08,Puerto Bahía Sur,ro_ro,22462,7.14,5.9,24.9
2025-08,Terminal Atlántico Norte,ro_ro,15122,6.79,8.5,16.1
2025-09,TML Huelva (nosotros),granel_liquido,318488,1.67,6.2,32.5
2025-09,Terminal Guadiana,granel_liquido,231758,1.58,6.2,24.4
2025-09,Puerto Bahía Sur,granel_liquido,241363,1.78,6.0,25.5
2025-09,Terminal Atlántico Norte,granel_liquido,147847,1.76,8.9,15.6
2025-09,TML Huelva (nosotros),granel_solido,206688,3.42,5.5,35.0
2025-09,Terminal Guadiana,granel_solido,139884,3.53,7.4,23.1
2025-09,Puerto Bahía Sur,granel_solido,144955,3.63,6.0,24.2
2025-09,Terminal Atlántico Norte,granel_solido,96902,3.18,10.2,16.4
2025-09,TML Huelva (nosotros),contenedores,45681,10.07,14.4,25.5
2025-09,Terminal Guadiana,contenedores,56270,9.87,7.6,31.2
2025-09,Puerto Bahía Sur,contenedores,47620,9.75,8.0,25.5
2025-09,Terminal Atlántico Norte,contenedores,30098,9.1,9.3,16.0
2025-09,TML Huelva (nosotros),fruta_refrigerada,24040,14.52,6.4,38.5
2025-09,Terminal Guadiana,fruta_refrigerada,15496,15.96,6.2,24.7
2025-09,Puerto Bahía Sur,fruta_refrigerada,11500,15.13,6.4,19.4
2025-09,Terminal Atlántico Norte,fruta_refrigerada,10014,14.14,10.1,17.0
2025-09,TML Huelva (nosotros),ro_ro,30123,8.18,7.2,33.2
2025-09,Terminal Guadiana,ro_ro,20780,7.21,8.0,23.2
2025-09,Puerto Bahía Sur,ro_ro,23501,7.6,7.9,26.7
2025-09,Terminal Atlántico Norte,ro_ro,15095,7.18,9.8,17.0
2025-10,TML Huelva (nosotros),granel_liquido,334102,1.83,7.3,34.1
2025-10,Terminal Guadiana,granel_liquido,251025,1.87,8.2,25.5
2025-10,Puerto Bahía Sur,granel_liquido,248836,1.82,6.4,26.8
2025-10,Terminal Atlántico Norte,granel_liquido,130259,1.82,8.6,13.9
2025-10,TML Huelva (nosotros),granel_solido,211689,3.61,5.6,35.3
2025-10,Terminal Guadiana,granel_solido,144071,3.38,8.2,22.4
2025-10,Puerto Bahía Sur,granel_solido,159688,3.17,6.7,25.9
2025-10,Terminal Atlántico Norte,granel_solido,101014,3.25,8.6,15.9
2025-10,TML Huelva (nosotros),contenedores,42686,9.32,12.7,24.8
2025-10,Terminal Guadiana,contenedores,62466,10.44,7.4,33.6
2025-10,Puerto Bahía Sur,contenedores,42215,9.79,7.4,24.6
2025-10,Terminal Atlántico Norte,contenedores,28794,9.87,7.5,16.1
2025-10,TML Huelva (nosotros),fruta_refrigerada,23420,16.4,4.7,38.9
2025-10,Terminal Guadiana,fruta_refrigerada,13747,15.81,6.2,23.5
2025-10,Puerto Bahía Sur,fruta_refrigerada,11906,14.77,6.3,19.5
2025-10,Terminal Atlántico Norte,fruta_refrigerada,9606,14.47,9.2,15.9
2025-10,TML Huelva (nosotros),ro_ro,30262,7.46,6.3,33.7
2025-10,Terminal Guadiana,ro_ro,22263,6.81,8.3,24.4
2025-10,Puerto Bahía Sur,ro_ro,24489,7.76,7.7,28.1
2025-10,Terminal Atlántico Norte,ro_ro,13982,7.39,8.5,15.1
2025-11,TML Huelva (nosotros),granel_liquido,321154,1.63,5.8,32.9
2025-11,Terminal Guadiana,granel_liquido,231191,1.54,7.6,25.0
2025-11,Puerto Bahía Sur,granel_liquido,237853,1.78,6.4,25.3
2025-11,Terminal Atlántico Norte,granel_liquido,147981,1.54,9.5,15.7
2025-11,TML Huelva (nosotros),granel_solido,227645,3.12,6.6,36.6
2025-11,Terminal Guadiana,granel_solido,152464,3.37,7.6,23.9
2025-11,Puerto Bahía Sur,granel_solido,164168,3.61,6.2,26.5
2025-11,Terminal Atlántico Norte,granel_solido,104838,3.33,10.6,17.6
2025-11,TML Huelva (nosotros),contenedores,48230,10.12,16.0,25.8
2025-11,Terminal Guadiana,contenedores,58880,8.87,8.0,33.2
2025-11,Puerto Bahía Sur,contenedores,44458,10.28,6.0,23.8
2025-11,Terminal Atlántico Norte,contenedores,26726,9.32,8.2,14.6
2025-11,TML Huelva (nosotros),fruta_refrigerada,23857,16.41,5.8,38.6
2025-11,Terminal Guadiana,fruta_refrigerada,13571,13.66,7.7,22.3
2025-11,Puerto Bahía Sur,fruta_refrigerada,12780,14.66,6.0,20.6
2025-11,Terminal Atlántico Norte,fruta_refrigerada,9744,16.08,8.7,15.5
2025-11,TML Huelva (nosotros),ro_ro,28791,6.87,5.7,33.0
2025-11,Terminal Guadiana,ro_ro,21712,6.97,7.2,25.0
2025-11,Puerto Bahía Sur,ro_ro,24126,7.64,5.6,27.7
2025-11,Terminal Atlántico Norte,ro_ro,14115,7.77,7.1,15.3
2025-12,TML Huelva (nosotros),granel_liquido,334508,1.72,5.7,35.6
2025-12,Terminal Guadiana,granel_liquido,240785,1.74,7.8,26.1
2025-12,Puerto Bahía Sur,granel_liquido,257347,1.55,6.1,26.6
2025-12,Terminal Atlántico Norte,granel_liquido,144183,1.81,10.1,14.9
2025-12,TML Huelva (nosotros),granel_solido,207284,3.13,5.2,33.3
2025-12,Terminal Guadiana,granel_solido,154564,3.57,8.2,26.2
2025-12,Puerto Bahía Sur,granel_solido,139543,3.41,5.2,23.6
2025-12,Terminal Atlántico Norte,granel_solido,102711,3.37,8.9,17.2
2025-12,TML Huelva (nosotros),contenedores,42302,9.36,15.6,24.2
2025-12,Terminal Guadiana,contenedores,58709,9.9,6.7,33.6
2025-12,Puerto Bahía Sur,contenedores,47737,9.62,7.5,27.1
2025-12,Terminal Atlántico Norte,contenedores,30393,9.14,9.7,17.4
2025-12,TML Huelva (nosotros),fruta_refrigerada,25148,15.48,7.5,40.1
2025-12,Terminal Guadiana,fruta_refrigerada,15471,15.2,6.5,25.9
2025-12,Puerto Bahía Sur,fruta_refrigerada,11800,14.72,6.8,19.3
2025-12,Terminal Atlántico Norte,fruta_refrigerada,9154,14.25,10.0,14.8
2025-12,TML Huelva (nosotros),ro_ro,29916,7.31,4.9,32.4
2025-12,Terminal Guadiana,ro_ro,18791,7.95,6.0,21.9
2025-12,Puerto Bahía Sur,ro_ro,21671,7.4,8.2,25.3
2025-12,Terminal Atlántico Norte,ro_ro,14541,6.93,8.7,16.9
